ID_Empleado,Nombre,Área,Salario,Edad,Género,Fecha_Ingreso,Correo
1a3d1fa7-bc89-40a9-a3b8-c1e9392456de,Allison Hill,RRHH,1662.57,,F,2020-10-11,johnsonjeffery@hotmail.com
386ecbe0-6b65-46a4-8b81-48f6b38a088c,Kristina Baldwin,Marketing,2065.1,,M,2022-11-30,blakeerikyahoo.com
6142ea7d-17be-4111-9a2a-73ed562b0f79,Christopher Bernard,Marketing,5413.12,,F,2021-12-07,lindsay78@gmail.com
e2acf72f-9e57-4f7a-a0ee-89aed453dd32,,IT,2932.86,,Otro,2022-11-11,williamsjeremy@galloway-wyatt.com
35a240ae-5af3-4553-9ec4-2e0829a3b2e9,Jesse Flowers,Contabilidad,6037.91,,Otro,2021-07-17,amandasanchez@gray-mayo.net
0837b8a3-d261-47ab-baa2-e4f90e51f30d,Frederick Tate,Finanzas,2164.37,,M,2022-02-11,clarksherri@hotmail.com
24933b83-7577-40a9-a491-f0b2ea1fca65,Matthew Foster,Finanzas,6746.33,,,2020-12-31,julie69@cox-osborn.com
28f49481-a0a0-4dc4-a720-9bdf1c11f735,Ann Williams,IT,2012.2,,Otro,2022-12-11,djames@king.com
4b22d308-1c8e-4ee9-9715-bd6fa4161293,Kimberly Adams,RRHH,5798.21,,M,2021-01-29,mckaynancy@yahoo.com
4c66e0a8-a013-4c6e-9eda-4e161b3dbd5c,Pamela Romero,IT,3306.83,,Otro,2022-07-26,nathanielmartin@sellers.com
3da9c2a9-0ed4-4f1a-bd4c-bf374eb93eff,Sherry Decker,Finanzas,6061.83,,M,2020-09-28,wcabrera@cannon.net
8a0f4efb-edcd-465e-b638-6821f6e07cc0,Joseph Obrien,Contabilidad,2562.12,,Otro,2023-06-10,pcarney@yahoo.com
05628059-568c-469b-9064-005c3985c3cf,,Marketing,2927.5,,M,2022-10-06,adrianzimmerman@perez.com
b92da22b-21df-406f-8a0b-3c3336d8393a,David Caldwell,Finanzas,4107.57,54,F,2022-11-10,kristenaguirre@gmail.com
baa4b71a-dd24-47ac-b78e-edb3693dffbc,Matthew Gomez,Finanzas,2882.07,,,2023-04-10,powellmatthew@wright.net
134c6c92-ec5b-427c-9fde-4fbf3ff350bf,Javier Ramirez,Contabilidad,3221.72,46,Otro,2023-11-05,pearsonamber@novak.com
610461e3-2a25-4888-8f02-bad0e7067ef4,John Hancock,Marketing,4096.1,18,F,2022-01-25,smitchell@hotmail.com
0ef8c2d6-f7fd-4646-b7bb-3eec4bf50b52,Kristi Higgins MD,RRHH,7097.17,55,F,2023-07-15,brian97@calhoun.net
675dd5af-3c36-4296-9ca0-2eecacdabacc,Cody Larson,RRHH,4000.99,,,2024-03-12,harveyrobert@cunningham.com
edd4253b-50f0-4d0a-b50c-ab754ccc9bc2,James Powers,RRHH,5921.84,22,Otro,2020-06-12,jonesjason@yahoo.com
286218b8-48f4-4f12-9e99-53d23e896c64,Gregory Jones,Finanzas,4325.97,,M,2023-12-15,contrerasangela@hotmail.com
8da01097-be0f-451b-9b66-b5a9e3c43657,Shawn Baker,Finanzas,7817.27,27,M,2021-07-26,jenniferharris@hotmail.com
17a0df49-0d01-480f-989a-40c0e87d1c78,Kathy King,Marketing,5458.31,58,Otro,2022-03-18,smithkellie@hotmail.com
0279b6a6-8f97-47b0-ad7c-e3c9b4a69f3c,Candice Ramos,Marketing,7470.21,,Otro,2020-09-22,davenportbrandi@jordan.com
35c7936c-5b99-42c6-a61f-ecc00a368ce7,Timothy Stanton,Finanzas,7211.69,,F,2023-03-31,kimberly69moore.com
696608aa-ee49-4329-884a-7b28550a1b46,Allison Doyle,RRHH,2056.75,,M,2024-01-31,erik16@garrison.com
39118497-3a43-42ba-9f0f-06cbcb9bc326,Julia Torres,Contabilidad,2334.54,,F,2023-03-20,emurphy@bell-hicks.net
f668a617-94a1-475d-adb6-9edb42deffcc,Alexander Wiley,IT,7768.36,,F,2020-07-27,yreed@graham-joyce.com
85197ff4-006e-46e3-afa1-7735b572f3d0,Kenneth Scott,Finanzas,4347.65,,,2023-04-30,ryan59@alvarado-martinez.com
2095eef6-8ded-49fb-8bb0-0f20b27c4026,,Finanzas,1636.72,,F,2022-03-13,christinaturner@hotmail.com
a79ac9aa-9b4e-4c24-9479-e1e6c9277d9b,Elizabeth Clark,RRHH,2988.12,38,Otro,2022-05-21,gloweyahoo.com
83f4a9a9-48a6-49d0-95b5-2908a8aa7158,Toni Fitzgerald,IT,2892.54,60,,2023-02-06,cardenaskaren@hotmail.com
79a28903-fbe3-4b24-beae-00320bd4a990,Robert Hernandez,IT,2737.66,57,,2024-01-09,operry@lee.com
1b494e15-e2ad-4909-8521-bf2ddc45d539,Michael Stafford,RRHH,5876.87,,M,2021-05-03,pwilliamsbryant.net
e45b712e-b822-4688-90a4-44329cd6c852,Linda Dodson DVM,RRHH,3116.27,50,,2022-03-22,juliawells@yahoo.com
a07295e9-7c0e-4cd8-8573-e793c715b2b9,Sara Ramirez,IT,3123.74,33,,2021-07-29,reevesjimmy@yahoo.com
271e3ee2-b1a6-41f1-a20e-99d33b33f3d8,Joshua Taylor,RRHH,1828.82,,M,2020-09-05,drivera@yahoo.com
b20dcb6e-f231-4f17-9586-3a76c51155ff,Ross Price,Contabilidad,2581.02,,,2024-01-19,wsmith@yahoo.com
bc10fa52-bf5d-4fdf-89c8-d2ab6b44fa8d,Sarah Ashley,RRHH,2570.14,52,,2023-10-23,brobinson@johnson-rogers.biz
06e745f9-88bc-439c-9f4c-3b79fb10987f,Sara Calhoun,IT,3354.12,,,2022-12-04,dayderek@white-green.com
f3821cfd-c083-473a-873b-d358610e6a64,Gabriel Juarez,RRHH,5264.67,,M,2021-06-24,ismith@cooke.com
3f4df561-f319-4125-87f1-94f9c1156d6d,Rachael Pearson,Marketing,4599.13,,F,2023-12-23,johnwellselliott.info
b7e6427c-bf78-4e3f-b6b7-51f79b749245,Pamela Jackson,Contabilidad,1945.39,25,F,2023-09-19,daniel04@byrd.com
4d3485c5-c5c1-4eb4-b27b-3d901a16342c,Michael Burton,Marketing,3100.4,,M,2023-11-01,reedross@jones-holland.com
e43e4288-a2b5-4498-9cb8-5aedf5f62c97,Samantha Garcia,Marketing,5173.98,,Otro,2023-06-01,hthompson@nelson.info
d4aac9a3-3ed8-456c-9a09-dfa052828d80,Roger Vargas,Contabilidad,3226.49,23,Otro,2021-08-05,karenhudson@hotmail.com
5ad5cf06-364d-4c87-bcd0-129d2e8d0e87,Allen Rosales,RRHH,1560.55,,M,2021-11-08,angela83gmail.com
a559e463-79e1-4cea-b0cb-c61f3d85de89,Jason Peters,Finanzas,2360.97,,M,2022-04-25,phillipsrichard@torres.com
5a104129-54ae-4d1b-8ce6-424dbef59fe6,Joseph Coleman,Contabilidad,4348.2,,Otro,2021-07-23,jerry35@gmail.com
7bf47042-bd15-41c8-b764-fbda3108d448,Tiffany Vaughn,Marketing,1550.85,,Otro,2023-06-28,wallkenneth@yahoo.com
0df56ac6-f96b-448a-8ba6-eab94639447b,Adrian Ferguson,Contabilidad,3219.03,53,F,2021-08-25,agarcia@mitchell.com
12f70c97-7de3-4a51-a694-c34310ba58e3,Scott Wilson,Finanzas,2823.38,,Otro,2023-01-31,edwardhart@miller-wright.net
61607459-85c7-404b-8693-da1139c6a1ca,Lisa Gibbs,RRHH,2099.94,,Otro,2024-04-09,michelle64hotmail.com
a021c0ca-3531-468d-8342-bd2bf295456e,Lisa Singh,Contabilidad,5641.24,,F,2021-07-14,johnarnold@smith.org
743b65a2-dc0f-4fcf-b3f6-fe0d48603b32,Andrew Roberts,IT,5145.89,22,M,2023-05-01,kristin93@wilson-walker.com
9854ce4e-4ebf-45c3-8ae9-b4a72a79ea68,,Contabilidad,5046.34,,F,2024-04-29,smartinez@yahoo.com
9918ee46-1497-4658-b010-f7197e695d0d,Terri Mason,Finanzas,7343.38,20,Otro,2024-03-10,cassandra01@gmail.com
c3c75611-ffe3-4a49-854f-92fff366bad4,Sara Johnston,RRHH,3798.91,,,2022-11-10,thomaspearson@white-richards.info
db946570-1ac7-4ec0-ab8d-deb45230dfbd,Julie Ortiz,Contabilidad,7119.94,28,,2021-10-23,zrobertshotmail.com
6778043b-c5c5-437a-b85e-06a11dad09b2,Brandon King,Finanzas,6585.51,,F,2023-12-01,mgutierrez@cox.com
7c16128d-b2c0-4394-a17f-29e170286046,Joshua Pennington,RRHH,3986.52,25,,2020-07-12,lancesmith@davis-gay.com
4ab7706e-b773-40ca-aec2-59dc7f95897c,Bruce Collier,IT,3772.78,50,F,2023-05-29,edavenportgmail.com
e11b868d-bf0d-473d-821c-13369970cf60,Charles Lee,Finanzas,3310.92,26,Otro,2024-01-31,kendra65@adams.org
585a0afa-7bfd-4c12-89e0-6ab37250ee18,Mary Grimes,Marketing,3652.47,39,M,2022-10-03,mcantu@hotmail.com
bea4ff31-5174-40f8-8b2c-782a69288e92,James Chase,Marketing,7756.47,,M,2023-05-29,ymcneil@hotmail.com
19b17e80-dea4-4e17-94fd-9ad39716108e,Mrs. Amanda Shaw,Finanzas,4336.56,,M,2020-10-30,bowenrobert@hotmail.com
b15516bc-9f8d-4d97-96ab-f2f143d88870,Angela Harrington,Finanzas,1788.51,,M,2023-03-04,melissa86@sims-clay.info
4991ab9b-ebc2-426f-af34-cf65a193c4b2,Amanda Jones,Contabilidad,3867.44,32,Otro,2023-08-02,wgood@padilla.com
6e417d47-5ff5-45ea-9bc4-40f14b1a269b,Amber Flynn,RRHH,6178.4,,Otro,2021-06-12,georgemiller@yahoo.com
a34db7c5-760d-4bbb-bb70-b3a124a35cf2,Cynthia Durham,Finanzas,5103.68,34,,2022-05-12,nolansteven@yahoo.com
4c955f6a-966b-4964-bcd6-bdca5876fd09,,Contabilidad,5500.85,,,2022-03-19,mbruce@yahoo.com
fe2110d0-4bbe-4aff-9326-dffd5be4bf51,Ashley James,Finanzas,2866.19,,Otro,2020-07-02,alan09@hotmail.com
3810ae66-5a31-44cc-8d4b-69a99b689c88,Tanner Mitchell DDS,Contabilidad,4822.63,,F,2021-03-20,courtneyberger@hotmail.com
1712fb16-21a4-444f-bb7b-ee035d678bb1,Richard Johnson,Marketing,3678.72,36,Otro,2021-10-18,jamesbuchanan@yahoo.com
f1b64afe-d31e-4f1a-a9ff-1cae41c8ca8c,Susan Rivas,RRHH,1800.39,,M,2023-11-02,linda71@gmail.com
f79efd70-65bc-4272-badd-7ea3aca5e2fd,Courtney Rhodes,Marketing,2763.83,,,2021-12-18,ismith@gibson.com
78b2b549-3bdb-409e-acc2-16a01bbc91f7,Samantha Bentley,RRHH,7302.29,19,,2023-01-16,deborahreid@yahoo.com
0986bbeb-f23e-423d-8b9b-d93423c86d30,Elizabeth Ortiz,Marketing,4519.57,,F,2022-07-03,youngamanda@chavez-santiago.net
d56ce8ea-1959-4b5a-a7a8-f6366a35df59,Patrick Moore,Contabilidad,6709.21,,Otro,2023-01-10,antonio53@yahoo.com
8b621d41-5e09-49ee-af88-bdecfb1e143b,David Cox,Marketing,6797.54,,,2021-12-07,hhill@davis-lewis.org
90882eaf-c977-4598-a03c-8c25fd235def,Amber Cook,Contabilidad,6333.76,,,2020-09-12,lisahall@kramer.com
2cabd7e7-cc6b-46e5-802a-df9c8a4b8f7c,William Huerta,Finanzas,6477.79,,,2023-03-21,alexistyler@chapman.com
79eb4168-1045-46e5-bee3-eb791d181ee9,Cameron Fisher,RRHH,6138.04,46,Otro,2023-09-19,hayesjeffrey@hotmail.com
a4b1f991-7542-4646-8d37-a539857dd3b3,Richard Camacho,RRHH,2399.43,19,,2020-08-31,gsimmons@yahoo.com
10d08d11-25f9-44bf-9bb9-61555275eb94,Jill Lam,RRHH,4196.64,,,2021-07-30,hvang@yahoo.com
a79b44b6-da50-4fed-9d4a-3d81b3a7d0e0,Larry Garcia,IT,4031.6,,M,2024-02-21,ohayes@morgan-chavez.biz
2713582c-f41e-43ac-9fd2-31094140752c,Emily Edwards,IT,4600.37,,Otro,2020-09-10,daviscolin@watson.net
c012a0ff-f0ed-4303-aa53-c19cdfa4bb9f,Meagan Jenkins,IT,4998.43,,F,2024-02-06,caroline51@romero.com
cea60f4c-39e5-4ff0-92f8-37d447503f1d,Justin Wilson,IT,1688.66,,,2024-01-01,anthony44@bell-white.com
177d6e7e-07d9-44ce-b8c8-8faea2178f84,Jennifer Thomas,Contabilidad,7874.69,,M,2021-04-28,kchavez@yahoo.com
0d77c5a0-e222-46a6-95bf-be9798a21f1c,Frederick Pugh,RRHH,2045.66,,F,2021-01-28,nelsonebony@lawson-perry.com
97d7a560-adb1-4670-ad9f-b00d4882d73c,Ashley Jordan,Finanzas,3964.18,49,,2022-08-25,walkertracey@gmail.com
4a193501-4169-49fc-83a0-0c6f2321d1e1,Eric Clark,IT,3308.67,,Otro,2020-12-01,lburgess@james.com
bdf66ba5-dc9c-46de-a5a6-74c212738a23,Sandra Drake,Marketing,1838.56,,F,2022-04-06,umorse@patterson.com
75c8e90d-9e3d-450d-b296-d9f0cd2372c2,Alex Nguyen,RRHH,6402.52,41,F,2020-10-12,sanchezbrianna@hotmail.com
2b0abedd-c774-44cb-9543-fc3c38b8f24e,Seth Reese,Contabilidad,2320.44,,M,2022-07-31,rebeccabailey@mullen.com
134a5a2f-a7cf-405c-8257-cf73c29d782b,Craig Morrison,Finanzas,6484.84,29,M,2023-09-11,wwebster@hotmail.com
52bdc661-9fe0-48c7-bc8d-5b93a2a2e91f,Thomas Cunningham,Finanzas,2202.64,58,Otro,2021-10-02,cjones@turner.net
13a4a492-497d-416d-94ea-120a5e659654,Joel Johnson,IT,4078.25,,F,2024-01-31,jfordhuang.com
cf9b8558-1a7f-495b-b355-7b9d0fd6f47e,John Hernandez,Contabilidad,2162.36,,M,2023-06-12,benjaminzimmerman@warren-bishop.com
0d67d38e-990f-4c5b-adcc-3daf569f3ab3,Douglas Ortiz,RRHH,3756.82,,Otro,2023-02-28,riveraangelayahoo.com
267eddce-df8f-4197-9a4a-99b2e806133c,Nathaniel Douglas,RRHH,7022.24,,M,2020-10-02,kyle62@fletcher.com
e99630f7-af77-420e-bf46-25afbd20563b,Meagan Calderon,IT,6097.51,,F,2020-10-21,andrew42@gmail.com
13c11754-27aa-4cbc-a337-7bbcfffe77c8,Ralph Lee,Finanzas,5503.43,,,2023-12-31,stanleynancy@anderson.org
b836c448-ad26-4ec5-9d42-b9e9692e07b6,Carol Kim,Marketing,3244.57,33,M,2022-04-19,pyoung@yahoo.com
f2771f63-ada5-4417-9e2a-d32d31ab0b56,Rachel Mckee,IT,5204.02,,,2022-04-13,kimberly88@yahoo.com
0d5ba7cd-4000-45f0-9f7d-0dd7236e1608,Ruth Solis,Finanzas,2681.96,59,Otro,2022-06-14,dawsonzachary@gmail.com
d4bf7a4b-25b8-442f-836b-15c7e7c225da,Phillip Nelson,Marketing,6057.69,,M,2020-10-18,bwilkerson@brown-shaw.com
d6d441cc-195d-42f8-ae4a-9b5d519554e3,Brad Walker,Contabilidad,6180.49,,F,2021-10-31,benjaminlowery@horton-taylor.info
2646eaf9-d5c0-444d-b735-262d41843b03,Aaron Miller,IT,4413.13,53,M,2024-05-28,parsonsjohn@gmail.com
d6312a80-1c61-4ec2-9014-2131750565f5,Jason Bauer,Contabilidad,3490.34,,Otro,2022-12-12,jennifercarter@mendez.org
f4124360-1153-4e99-9c50-8720f982f4e0,Matthew Miller,IT,7978.1,,Otro,2022-09-21,cmarks@hughes.com
94f79dba-c581-4d2d-9a89-b71ea0d572c8,Haley Quinn,Finanzas,3134.12,39,F,2020-12-22,amy27@mendoza.info
eef16694-50ca-432d-8aba-590ee2c328aa,Dakota Moody,Contabilidad,2745.02,,,2022-08-07,wking@hotmail.com
45f18619-54f9-4429-a7de-02ccdda4f4a7,Howard Norman,Marketing,5379.14,25,F,2023-10-22,vpreston@yahoo.com
5e0a72ab-7f5d-4163-b12b-66807f072cb9,Jasmine Beltran,Finanzas,1591.96,,F,2021-07-17,mmiller@gardner.com
2aa93b43-6d15-416f-b7b8-c1a59a45693d,,Marketing,3398.89,46,,2021-11-26,acostarhonda@hotmail.com
83599af6-5d01-455f-a7fd-64c4a334058a,Mrs. Veronica Gould MD,Finanzas,4551.08,,Otro,2020-07-16,ejohnson@osborne.com
5ef787b8-f2e6-495f-b32e-2016add702c9,Keith Jacobs,IT,2241.57,41,,2022-04-18,alyssasanders@ramirez.com
9ca3fbb3-ff11-48ba-b6ee-1640723ef466,Mr. Justin Green III,RRHH,2486.23,,Otro,2023-05-12,davidfarrellyahoo.com
d8741408-f7b2-47c7-ae92-ea71cf7dcb43,Micheal Osborn,Marketing,6468.88,,F,2023-04-01,piercekelly@yahoo.com
5c8ac066-cb2f-4fa3-ac91-3a7ca3404f08,Michelle Ho,IT,3432.8,,,2021-05-12,laurayoung@johnson-spencer.com
4f2dad3f-10d4-4e39-9612-37c9e25df9a8,William Anderson,Marketing,7740.71,43,F,2023-06-16,khammond@gmail.com
58321ee4-8471-44b0-ae1b-9f697740d831,Evan Jones,RRHH,2520.87,26,M,2024-02-21,ryanbartlett@guerra.com
f0df1684-f28e-4122-9894-f7f139b86bb2,Christopher Donovan,Marketing,4554.43,51,F,2024-03-19,kingcynthia@hotmail.com
2b2bb8e9-a417-4093-80a8-a23d17eaec83,Mario Mendez,IT,1962.67,55,Otro,2022-11-17,donnale@morgan.com
c4576cc3-35f7-49bc-a6b0-745843c07d43,Travis Wise,Contabilidad,4263.4,,F,2022-03-07,ismall@may-turner.com
2877f5d9-0f56-45f8-b048-faa112ae5c22,Melinda Evans,Contabilidad,1964.16,46,Otro,2022-03-05,mharris@gmail.com
66124ab4-f9b2-4e6e-986a-346adc5be7d1,Nathan Gross,Finanzas,4354.5,,Otro,2023-08-23,floressteven@yahoo.com
9d896047-dd39-4793-a257-a4a2f204be89,Charles Williams,Marketing,5009.88,,M,2021-06-18,sarah53@jimenez.info
95560a2d-3713-4466-bda0-6476f778c676,Mr. Alexander Landry MD,Finanzas,5424.14,40,M,2020-08-12,troy74@smith.com
8fd33afc-91fd-4a4f-8d18-ab95668c8477,Pamela Diaz,Marketing,5316.3,30,Otro,2021-12-13,hughesshannon@hotmail.com
18c01e2b-f99f-4704-a0f0-156a1e6a6628,William Becker,Contabilidad,4558.26,,,2021-12-29,kari39@hotmail.com
79474bfa-cdd0-44d4-9542-27deb6adf48b,Andrew Williams,Marketing,4333.25,,M,2022-05-08,markaustin@long.com
4cbf131d-901b-4def-b56f-f8ce7d66971e,Katie Hicks,Finanzas,5855.87,48,Otro,2023-11-17,mark16@parker.com
93dfd907-9416-44dc-86b2-8deff8d8b7f1,Deborah Rios,IT,6788.18,,M,2023-06-23,ojackson@harvey.com
6b352f85-504e-4687-b0e7-e75604d9145e,Travis Rodriguez,Finanzas,2253.49,,M,2022-03-01,nshaw@salas-fitzgerald.com
8685abaa-7a76-4555-a987-b218ff84faef,Kelly Hoffman,IT,1852.33,,Otro,2021-09-28,vbarr@gomez.com
f1053252-3990-42c9-8c6a-70f48edec44d,Cheryl Wright,IT,6439.94,37,Otro,2023-09-08,hannahburns@yahoo.com
92cf6021-1f33-442d-89ac-908746015028,Timothy Pope,IT,7225.5,,M,2022-01-08,stephanie24gmail.com
bf519362-41a6-4fed-a7ed-c8d8713f8f8c,Miguel Reed,Contabilidad,6113.59,,M,2021-04-26,sarah42@gilbert.com
19a692c9-0d70-4ea4-bb9b-2d45a35055e4,Michael Schmidt,RRHH,4499.41,44,F,2021-10-24,maldonadoderrick@hotmail.com
7a3a10e1-79c7-43a0-a0de-cc3de1721c83,Brooke Delgado,Marketing,6085.18,,,2021-04-03,justin01@hotmail.com
ebe5841f-e9c9-4c52-898c-60b3efc9909e,Kimberly Sharp,Marketing,2440.17,29,F,2022-03-09,osbornrandy@lopez-curry.com
55c551fc-fba5-4cc8-adaf-37661b780ede,Alexandra Bradley,IT,3709.19,,Otro,2022-05-04,melissamcdonald@gmail.com
2faabe0b-b7f6-4cdf-81dc-1c60a5f60735,Erin Simon,Finanzas,6943.59,,,2023-07-17,ashley32@hotmail.com
669d01ff-1634-425b-93f3-007383e96ef4,Stephanie Wilcox,IT,3743.31,,,2020-10-24,thomasboyle@green.info
42f525b9-02ed-43ce-92a8-1713b90ed44b,Tiffany Turner,Contabilidad,7875.04,59,,2021-12-08,contrerassteven@sullivan.com
3818cfd3-3889-436a-9d58-17e85e175b66,Margaret Shepard,RRHH,3568.15,,,2022-06-10,madkins@perry-dunn.info
c1369c65-ae2a-4341-bf59-e4f2c3093b6e,Rebecca Petersen,Contabilidad,4719.64,56,F,2024-02-14,xrice@stark.com
53ff8461-2a1f-4b61-a65c-b9d989628f6e,Stephanie Harris,RRHH,7182.24,,M,2022-04-15,jenniferburns@griffin.biz
0592bfa5-b928-423f-8ee4-334ece920136,Anthony Ford,Contabilidad,4164.86,,F,2021-06-28,bethwilliamsgraves-weaver.com
2e13418d-68ab-40ea-897e-c6d1081fc6dc,Andrea Peck,Finanzas,3700.65,,,2023-08-31,victoria67@yahoo.com
dc3bbdd8-a74e-42a9-a20b-9ea98a0f9508,,Marketing,3970.06,,,2020-11-29,urice@davenport.com
3f5cf2f3-3acb-43a3-92c7-bffb6118433b,Nathan Coleman,RRHH,3026.01,,Otro,2021-11-17,jacob10@barnes.com
b40a9181-ac09-4db7-9908-6e477249f62c,Austin Wheeler,IT,7859.2,,M,2021-06-13,igonzales@webster.com
93d563ae-51a3-4c26-937b-f79bbb44badc,Donna Cabrera,RRHH,1798.94,56,Otro,2023-09-11,kevinthomas@hotmail.com
e134edfc-9777-4f10-b2d2-393f8e85140d,Jennifer Hill,Contabilidad,4952.58,,F,2023-01-26,wwilliams@hotmail.com
4cc57e0d-2633-4018-a883-ac6e6a944054,Rachel Flores,IT,5528.12,42,,2021-03-10,melissaturner@hotmail.com
8eaa5841-6aa0-426d-b7c0-d5f769a53b4f,Joel Brown,IT,5646.38,,Otro,2020-12-23,jonathanrivera@gmail.com
0d31812e-30c3-4756-9453-f867b97e6224,Sarah Davis,IT,7357.86,,F,2022-01-04,lopezkathleenpowers.com
1e086f20-bdd1-41b0-b64a-b6ec30a5648e,Terry Lewis,Marketing,3444.5,,Otro,2024-04-18,randyallen@rowe-james.net
193e638d-774c-4afa-bf4d-908ce1fff6c0,Elizabeth Ward,IT,7046.68,48,F,2023-08-25,nathangutierrez@hotmail.com
9442b5e6-9583-4d58-af4c-51198da5d39b,Natalie Smith,Finanzas,7952.5,,M,2021-08-30,markjames@porter.com
75f8e3a8-7d97-4c0f-bd56-09c4a4461663,Roberto Levy,Finanzas,1552.64,,M,2023-07-11,donaldpayne@gmail.com
d6cd3155-08a8-4c7f-8621-38ad0f09105c,Kimberly May,Finanzas,6542.32,22,Otro,2023-11-20,gutierrezmegan@jones.com
9dd43675-ef14-4064-aab0-7015a3422e50,Jesus Brown,Finanzas,5905.47,,F,2023-03-19,smithandrea@gmail.com
d02b1243-8091-4ac1-8463-750e49646b96,Nathan Nichols,RRHH,3508.06,,M,2023-11-02,hullalice@lee.com
7580e050-67f1-498c-b594-8a545f804eeb,Debra Sanders,RRHH,7412.58,,,2021-06-10,gabriella10@sullivan.net
6f14b3f6-d867-488b-bff6-b824152aeaec,Mark Warner,Marketing,7196.99,,Otro,2023-09-29,jacobsonsamantha@gmail.com
ec95b3ac-0beb-4c34-8566-7c4879ba630a,Sean Clay,IT,7788.0,,Otro,2023-04-27,whitemelissa@gmail.com
edcabf94-65f6-4a53-9226-a8b3b674410d,Laurie Goodwin,RRHH,2414.92,22,,2021-09-05,ashleyatkinson@mosley.com
0dbf0caf-588a-4f87-b96d-40f8bed63da0,Melissa Miller,Finanzas,2086.97,,M,2022-04-07,petersonkayla@sanders.com
6e8d9644-601b-4bcb-b0ee-bcce8d93e14a,Joanne Perez,Finanzas,5873.38,,Otro,2023-04-19,bartonkenneth@gmail.com
277eb0aa-a247-441d-88ad-0899b630794d,Angela Moore,Finanzas,2204.25,42,,2021-10-02,davissherryyahoo.com
8e969227-72e7-4b51-ae54-ac6d2ff8e87e,Derrick Anderson,Marketing,3632.04,,F,2022-08-03,johnsonmichael@gmail.com
6346d4ef-69ef-44e3-8ab6-821c0328c136,,IT,7411.02,,,2023-06-29,ginajackson@turner-snyder.com
406f64d6-5c72-4ebd-93b1-1e59c85cd714,Donald Evans,RRHH,3478.37,,M,2023-06-22,stephentaylorgmail.com
70b27304-545c-488d-9cb9-075ecdd7f460,Evelyn Oliver,Contabilidad,4026.2,,,2022-03-28,malik37@thompson-sanders.com
536d47d7-3e0f-44ce-882f-78fd936cd31c,Michael Henry,IT,5756.99,,,2021-08-07,daniel93@hotmail.com
b5578b00-f166-4dcf-b62c-dfbcba2aa7ba,Catherine Saunders MD,Finanzas,2912.25,,F,2022-04-10,fuenteslaura@yahoo.com
b719bb68-2775-4e42-a89e-22f240afbf3f,Brenda Turner,Finanzas,5039.03,,Otro,2023-10-06,colecarlahotmail.com
09697101-8b2c-450a-ab15-c11bb113d50b,Jonathon Knapp,RRHH,7668.57,,M,2023-05-23,mackdiane@jackson-salazar.org
1b1f2eb1-6e32-45a8-8bd5-cc86f73936e9,Miss Jennifer Goodwin,Marketing,7812.11,18,Otro,2020-10-29,williamstone@hotmail.com
96add4df-adf7-4924-85b8-386b768b4f7e,Connie Brooks,Marketing,2833.84,,F,2021-01-18,webbkenneth@gmail.com
c8c5eb2a-7490-4deb-97d3-37d34fd80bbb,Todd Thomas,Contabilidad,3635.64,31,M,2022-08-16,thomas77@yahoo.com
a5e15b55-57d3-44dd-9963-dc7205c8234b,,Contabilidad,5011.4,24,M,2023-04-15,zacharyarnold@castro-mullen.com
0779250a-6544-4313-aea0-5d13a84554c3,Lori Lopez,RRHH,3828.57,57,Otro,2024-02-29,yvargasbush.com
89718eea-df3a-498a-8cac-2fb51a0c6c04,Rhonda Brown,Contabilidad,6321.17,,M,2021-12-18,stephenbaker@yahoo.com
1d3e503a-9645-40e4-a47d-c3929c7eb575,Margaret Harper,Finanzas,4836.05,40,,2021-11-26,lisamccarthy@yahoo.com
4e2d6255-3d13-4a3d-9e2c-2e7d502cf0ee,Leslie Powers,RRHH,6227.08,,Otro,2021-03-09,williambarnes@gmail.com
a52fc3ec-eb4e-4281-b184-d1fc8991b01a,Jenny Tucker,RRHH,7990.81,,,2022-10-08,lroberts@wilkinson-harvey.com
816462cb-8fc3-47d3-b6bd-80c7624a2a50,Kari Lee,IT,1977.69,59,Otro,2022-07-06,cperry@yahoo.com
465cc2cb-085e-4489-8ac6-678038749f3c,Keith Flynn,Finanzas,5558.06,,Otro,2022-09-11,kimberlycunningham@yahoo.com
fdab3441-d2c2-4960-8b09-01abc66dceb3,Ashley Wilson,Finanzas,4449.15,,,2022-09-18,bpaynefitzgerald.com
164484a0-d115-4fff-9cb9-1d5f593c572b,Zachary Cole,Marketing,6185.46,46,,2024-02-02,jasonrojas@bell.com
59cf0b0d-91f0-447d-8f32-1333ce315937,Rachel Li,Finanzas,6878.22,,,2021-08-08,tiffany44@adams.com
ddf6d4ac-46fe-4cd4-be13-93cd0f2d5c15,Paul Jenkins,Finanzas,5823.2,,F,2020-12-12,dustinmorris@juarez.biz
cb6ad0c7-a235-4dd4-9355-08d073b5bad5,Kenneth Adams MD,RRHH,6906.52,23,,2022-02-13,shawn75hotmail.com
a284e8fd-755c-4e2a-b8de-d777bb1e5ae8,Raymond Oconnor,Contabilidad,5116.41,,Otro,2023-05-17,flynnraymond@yahoo.com
93f37596-8c1c-4b05-9677-1f3648998e5f,Kathleen Morris,IT,7142.6,,M,2022-10-25,patricia00@gmail.com
70f81dba-2871-4b9b-9b8f-0e32edef5003,Sara Smith,Finanzas,2173.4,,F,2020-05-30,wendyblankenship@hotmail.com
40198303-5c45-4e4d-a793-13b817e52113,Shannon Mcdowell,RRHH,3775.74,,Otro,2021-12-27,sanderskevin@fischer.com
71efe72a-ae13-491e-84fa-4c7239e7a4f1,John Anderson,Contabilidad,6746.94,,M,2020-06-10,mcneilrobert@gmail.com
5037cd6b-1a6b-4a7d-9a38-aad6ce532ffd,Darryl Davis,Finanzas,1688.2,,Otro,2024-02-26,patrickli@gmail.com
a667b982-9c3d-41b0-822b-66839033da65,Megan Jones,Contabilidad,7154.11,,,2022-04-12,courtneyhernandezyahoo.com
c0a0473a-23d7-46a1-99b8-14fce5871d89,Jessica Robinson,RRHH,2096.42,,F,2022-11-30,sylvia52@gmail.com
48f091f0-9b8b-48ae-b89f-3a92999a1d86,Bradley Tran,Contabilidad,3905.35,,Otro,2024-01-06,aprilhicks@hotmail.com
7eb0f62a-3d45-44eb-b465-5a21cb35097a,,RRHH,7241.72,42,F,2020-11-20,elittle@oneal.com
2c3aacdc-aed5-4a46-8bde-005b5d8babd7,Scott Carroll,RRHH,3268.67,,,2023-09-07,matthewsalexander@williams.biz
66fba71d-b3a9-4caa-ac6f-6d2e6a59c043,Lori Mason,Finanzas,2901.2,,M,2023-02-18,christopher18@mccann.net
10eceb1f-a4a5-4736-ae59-aa52a65be22b,Kevin Hines,Marketing,4663.11,,Otro,2023-05-19,brianmilleryahoo.com
bd9bc648-a876-4e85-bddf-a03aaa8430f8,Logan Brown,Marketing,1856.08,29,Otro,2020-11-30,jacquelinemartin@mills-logan.com
1e38f711-e2ec-43f4-bba1-aed944cdbfdd,Cameron Norman,Finanzas,3381.41,19,M,2021-10-31,alexandria49@hotmail.com
2ab8bd33-911f-430b-9bff-00b07fe670f3,Jesse Ward,Contabilidad,3971.35,,F,2021-01-28,shannonemily@gmail.com
0bc57207-3e9a-4c86-8325-4fbddce8e1c5,Jordan Williams,Finanzas,1968.49,,M,2021-12-15,haroldhorne@gmail.com
3f8e2d0d-5261-4dec-b979-d5f56b5bc975,Suzanne Yang,RRHH,7103.72,,,2024-04-20,margaret95@gmail.com
0bc1f9e5-fb3d-4063-8409-c5eacde918b3,Stephanie White,IT,3381.85,,M,2020-09-13,kiara45@gmail.com
bd54da04-4dcd-4009-88d5-77179055a36f,Aimee Gonzalez,Marketing,4490.63,,Otro,2021-06-09,brittany73hotmail.com
061efb95-68f8-4063-aeb1-9ad201a1fb0f,Paige Sanchez,Contabilidad,4331.9,,M,2022-09-17,tapiaaaron@hotmail.com
3cf88d20-fbad-493f-87a1-ec0234879e41,Oscar Parker,Finanzas,2940.22,44,M,2022-07-02,jenniferdavis@merritt.biz
8163b6ce-1877-4c06-94ad-625215bc2a3e,Jacqueline Villegas,Marketing,2760.37,,Otro,2023-02-12,vargasbryan@hotmail.com
64988bde-cd02-44db-ad11-15d750a46c85,Cynthia Green,Contabilidad,3035.75,38,Otro,2021-10-05,jesus32@hotmail.com
893259f3-1ee8-4a4c-a811-34e250647c59,Brian Cole,RRHH,2651.45,,,2023-09-07,qparker@davis.com
25f88c74-53ea-4919-9b48-62c2d5ff2a1f,Melissa Williams,Marketing,4417.88,,Otro,2023-06-07,randy04@wilkins-thompson.biz
cdcc2d6a-1a16-498c-b648-776e183fea70,Kristi Pierce,Contabilidad,4358.46,,,2020-12-03,greertoni@gonzalez.com
d010318a-eadc-4960-8242-11e2960be0f4,Teresa Miller,Marketing,1865.12,,M,2020-07-01,rachelramos@davis.com
b9744cde-d259-4960-aee3-560792ea1324,Joel Jackson,RRHH,3896.79,,M,2022-07-08,lvega@lewis-lopez.com
4b8c031f-a5b4-4983-beeb-c04a9df2372e,Charles Mendez,RRHH,5497.55,,,2022-02-28,millerpatrick@yahoo.com
8b2d158a-cd5a-4324-be7c-80e9a1791e93,Stephen Fox,RRHH,4423.27,,F,2022-01-13,fstephens@yahoo.com
98dc9e0b-51a1-45df-86ac-10102e0869c1,Kathryn Price,Contabilidad,7725.2,,M,2020-07-13,stokesthomas@yahoo.com
3dbc3093-a828-4442-bf73-8f5019a2676f,Yvonne Dickson,RRHH,4779.57,35,M,2022-09-05,barbaramcgrath@kelly-combs.com
9770a3db-e9fa-47e2-9bd9-3609b297a782,Kevin Drake,IT,4906.45,,F,2023-05-26,annalopez@yahoo.com
3803dcee-9a06-4295-bb8d-34470e61065f,Casey Johnson,IT,4157.0,,M,2022-08-24,riverachristina@gmail.com
059c1574-0f3f-4f48-92d6-b779de4379cb,Christopher Lang,RRHH,3642.99,,,2022-11-26,mathismichelle@brooks.biz
f2dd9456-bb7b-4c05-a852-2ca2f9d2014a,Gabrielle Morris,Marketing,7176.32,,M,2023-10-11,grant89@yahoo.com
4b657bcc-b041-4f19-bbe7-18354e8bf78a,Kevin Thompson,Finanzas,3516.51,,,2021-03-01,xrosales@johnson.org
13eb22c9-bece-421a-94c7-743b2401342a,Keith Zuniga,RRHH,3512.28,,Otro,2021-11-18,daisymccarty@hotmail.com
3fe1e8f3-35ad-4e88-83e4-f66802ead2df,,Marketing,2107.44,,,2021-11-24,lebrandon@yahoo.com
59ea4936-60f3-4ebc-a1bb-b8cd7e3a9f07,Tracy Wilkerson,Finanzas,2671.71,52,Otro,2022-01-02,kkramer@chang.com
e34f76b4-2b8c-43bf-9780-be1712fecc2b,Fernando Lynn,Contabilidad,7999.85,42,M,2021-02-02,morgantricia@bush-reynolds.com
30a2cee8-f972-4cc1-b49e-f4a954c29d5c,Jessica Brown,Marketing,6510.69,,M,2023-05-17,kenneth10@yahoo.com
166ecfe3-6d77-4595-80fa-0eb45c5f48d4,Sara Hernandez,Marketing,2351.82,,F,2023-11-29,collinclark@hotmail.com
788fd0cd-65c0-4b93-88ed-abdd4ef03f80,Bradley Anthony,Marketing,6758.78,49,,2024-03-19,maypaulyahoo.com
436e3c49-770e-49db-b092-d40143675d58,Jaclyn Griffin,Contabilidad,7802.33,,Otro,2023-12-20,hernandezheather@gmail.com
3a3e46b0-96f8-4ff7-81a7-2883f8802878,Gregg Weaver,Contabilidad,4971.07,,,2020-08-31,rsheppard@yahoo.com
b6dcbd05-da9b-4cc1-a71c-681a6511e61a,Cynthia Evans,Marketing,7898.86,,Otro,2022-07-17,averyshane@stanton.com
a091e5b4-d293-4e6e-bf4d-093033b0fb53,Blake Vega,IT,7780.74,27,F,2023-12-15,renee11@yahoo.com
df9b7c1f-eacb-4f6d-b549-c9f9850a48d4,Kristen Gates,IT,7181.76,,M,2023-10-02,perryeddie@hotmail.com
19da8262-c790-4dc5-900c-0af71b0ae22e,Traci Garcia,RRHH,3352.91,36,Otro,2024-02-05,pbaker@yahoo.com
9bd0d4c7-9e45-455e-a4d3-875167294d3c,Kara Jackson,IT,2096.14,43,,2020-07-28,hannah07@yahoo.com
d7c4caed-47c4-4c51-8f9a-5f984d950273,Alicia Roth,IT,1846.17,,Otro,2024-01-22,dennismccann@schroeder-flores.biz
bdae8eff-683c-410e-92ef-a93be9d6bb7e,Ann Alexander,Finanzas,2959.5,,M,2023-08-21,robertsonerik@yahoo.com
07692583-9194-421e-a11b-f0d486379f04,Jennifer Deleon,Contabilidad,2394.4,,,2021-03-24,wrightstephen@bush-hill.info
7d2120ad-5f59-4b4d-bdef-a7ba07d2fd4d,Madison Martinez,IT,4415.91,56,M,2022-04-21,wmatthewsmartin-kline.com
36dd9529-f704-472f-87a2-f280927f8103,James Martin,Contabilidad,5067.23,,,2023-02-28,josephortiz@hancock.com
409ca8f2-3948-4e22-822a-addacd0579e2,Carlos Thompson,Finanzas,2292.01,56,,2023-10-31,rodney65@yahoo.com
95a0f356-65ab-49ff-9fa4-a627d30608be,John Byrd,RRHH,2220.58,,M,2020-06-09,kenneth17@gmail.com
b60a3dcc-a7f7-4451-82da-860946e1ee40,Donald Nguyen,Contabilidad,3393.27,59,Otro,2021-09-05,zacharyallen@trujillo.biz
4bacbedf-ff5a-429e-bf53-d344a7c854e4,Melanie Griffith,RRHH,4902.65,,M,2024-04-06,cprice@hotmail.com
afb28b3d-38ec-4b4d-b69f-5eabb9ff2c29,Laura Lee,Marketing,5101.99,,,2023-02-14,william28gmail.com
c34e9baf-8f1c-42cc-8eef-9fa8b9a5d4d0,John Figueroa,Finanzas,3148.73,29,Otro,2023-04-19,walkerjeffrey@yahoo.com
d9e92758-76b9-4436-8b46-ef3395e7f614,Stephen Watson,RRHH,6514.76,,Otro,2022-05-29,kennedyjames@dillon.net
57b936b0-3346-4332-be0a-824e232a5e82,Anthony Dickerson,Finanzas,6787.81,44,,2022-10-30,lesliebaldwin@gmail.com
359a1533-4605-4c0e-b3b9-c2ac0134e76b,Mr. Christopher Walters,Contabilidad,6774.73,28,,2022-11-10,xgloveranderson.biz
bb0c7919-330c-4ff5-88a5-fa0d09a85dc5,Vincent Reyes,Contabilidad,7257.64,,Otro,2020-06-19,andrewsmith@hotmail.com
80daa8ca-6230-4d27-9a4b-160621019bff,Michael Cooper,Marketing,4577.1,55,F,2021-09-16,colonkenneth@bryant-meyer.net
7d7c59a5-e6c1-4650-bf02-f5b057bd56c9,Stephen Cowan,RRHH,7127.69,,Otro,2023-08-07,stacyhull@smith-walker.com
a689d07f-b60b-4f87-9dd8-effc1f878b32,Alex Wagner,IT,6331.5,,Otro,2022-01-01,wheelerbrandon@gmail.com
1fa3ed1f-6158-4f88-b1be-94c36ab1cdb6,Alicia Norris,IT,3887.76,,Otro,2021-06-25,jamiejennings@gmail.com
b362cd55-9b0a-4a0b-9f6f-acc1451d38fe,Matthew Bates,RRHH,4298.95,26,Otro,2022-03-10,campbellkristen@gonzalez-gonzalez.com
0a167e18-290e-4e89-8b9c-22f468e5c8cd,Valerie Howard,Finanzas,3492.22,,,2022-07-09,arivera@powers.org
b93c4b0b-b93b-470c-9336-5c0c82ff1f2e,Brittany Davis,IT,1775.31,,,2024-04-03,stephenmadden@yahoo.com
5c370739-4a62-4c5e-9a2c-f8520a190939,Brett Thompson,RRHH,1987.77,,,2022-03-21,yorkpamela@christian.com
17cba85d-bbaa-474f-a0e3-c5ce44afecb7,Steven Friedman,Contabilidad,7693.13,41,,2023-11-16,danielrossyahoo.com
e2d903c8-a61a-4d8e-abf7-240fccc62fed,James Jefferson,Finanzas,3853.98,,M,2020-11-20,jarvismegan@perry.info
9c81fc46-5bcd-436c-8777-4fae613758c3,Meghan White,Finanzas,3918.09,19,F,2024-01-28,hknapp@alexander-brown.com
90a4a421-b949-4906-939f-44ebbe5e215e,Sean Warren,Finanzas,3122.48,32,M,2023-04-04,reynoldsjessica@yahoo.com
e45e2ad0-8eef-45dd-9391-6dcfd6cade2c,Michael Cruz,IT,7438.03,57,Otro,2020-08-21,williamharrison@booth-jones.info
a4b0718e-8ced-4707-b903-4b6581c61eeb,Gary Ramirez,Contabilidad,7976.37,,,2022-02-14,stevenslaurie@miller-jimenez.com
092c4801-698f-44f8-a747-d24a1a46d536,Jonathan Valdez,RRHH,4438.28,,,2022-09-28,connersylvia@torres.info
54fc286f-7457-4d47-9825-301039112943,Heidi Brown,Finanzas,5840.96,,M,2023-09-03,jennifer11@hotmail.com
8c357321-4abf-4f5c-8cc7-147ff6e5203c,Glenn Gallegos,Finanzas,7033.85,,F,2021-12-30,princetravis@newton.com
30c9c51f-c80b-4af7-9315-fafa7500f785,,RRHH,7903.36,39,F,2020-11-12,housemary@hotmail.com
22778161-8113-47a8-b4c8-e39396dd6c82,Steven Ellis,Marketing,5219.8,,F,2020-06-04,eroberson@norman.com
52645a59-e1f8-4b33-9b2d-5a2a99bd6240,Betty Hughes,Finanzas,4088.04,,,2024-02-27,spetty@gmail.com
235fc3d5-2224-4806-8e07-2a5273edb223,Victor Waller,Marketing,1979.38,,M,2022-12-20,jennifer83@gmail.com
fb38cd91-21f6-463d-ac20-af11ebd33927,Miguel Parks,Finanzas,2334.17,,F,2021-03-01,hodgesanna@hotmail.com
88addab1-d765-4a18-a4d4-66ebbf74531c,Mary Butler,Marketing,7419.63,36,M,2024-02-21,millsanthony@gmail.com
495fa2fc-fbc8-477e-a933-0fc4c918a346,Anthony Adams,Contabilidad,3597.29,,F,2021-01-11,james80@cervantes-garcia.net
cbfd4a31-c8c8-4ad6-82cb-cdc73cd30e99,Natalie Hoffman,Finanzas,6998.57,,F,2023-05-10,yhughes@edwards.com
e9572bc2-39bd-4bd6-9479-cc36716ca1f2,Sean Dalton,Contabilidad,5562.65,,M,2023-05-28,kimberlybrandt@yahoo.com
838b77ad-bc2e-4b59-ac7d-d667f664c720,William Jones,Marketing,2502.26,,Otro,2022-01-04,qramirez@martin.com
98cd2655-5297-41ad-adba-948427591ad4,Michael Moore,RRHH,2027.95,,Otro,2023-09-12,jtyler@yahoo.com
11740357-8546-4426-af12-0b9ef4fd25b7,Michael Fox,IT,5517.7,50,,2021-01-31,odavis@gmail.com
87cec69d-9e47-4339-80ae-0b1af3476736,Erin Carter,Finanzas,4639.14,,,2022-10-18,caldwellsean@austin.com
48677b30-b956-4731-8a4c-fe1f41afeb2a,Robert Wilson,RRHH,2527.52,,,2024-04-13,stucker@hotmail.com
c5f833cf-f4ce-4477-b8bc-a9ac2ada62ce,Jose Vaughan,Contabilidad,3531.79,,Otro,2022-09-04,clarkcrystal@hancock.com
a5850828-6f6b-4df3-8673-f2e0bdcac10f,Ronald Johns,IT,2349.98,,M,2023-08-02,stevensmartin@jones.com
737cf8b5-6356-4add-a85a-9f2b4236c0bf,Laura Perez,Finanzas,4422.37,58,M,2022-02-16,andre18gmail.com
d926fe41-b36d-4121-8ba6-fe0995ea6825,Lisa Avila,Marketing,4217.88,22,Otro,2021-12-05,kristin49@campbell.biz
bf2b43b4-22e9-4527-b849-1ecc889157fd,Matthew Wells,Contabilidad,6460.29,,,2023-10-18,kennetheaton@hotmail.com
1f8c56e0-2431-43fd-8e19-0d07dff0b9bf,Tina Smith,RRHH,2085.32,,,2020-06-05,torreskaitlin@hotmail.com
2f1a25a8-2934-4e15-a477-f0478336a758,Jason Brewer,Finanzas,1816.28,,,2023-01-12,dannylambert@hotmail.com
a5096396-7615-49e7-8c81-81b4fe8b4ccb,Sarah Randolph,IT,3357.36,53,M,2020-09-19,kingjames@hotmail.com
11defebf-9e98-461d-88fe-bf6d199c8d94,Mr. Carl Rios,Finanzas,6465.07,,M,2021-10-04,qmurphy@yahoo.com
6da58dad-f56a-4bc0-90fb-35b0cec56969,Brittany Knight,Contabilidad,3856.4,,M,2020-06-05,kristenjoseph@hotmail.com
7ade4367-e0bd-402c-94e1-4f3abba41ae0,Ryan Taylor,Marketing,3318.18,,M,2022-04-20,tony12@hotmail.com
32495cff-89e2-4f24-a42c-0aea23d7263d,Sarah Trevino,Finanzas,6666.83,,Otro,2023-07-12,mcclainmelissa@johnson.org
78dbcde3-8a28-4792-bfac-a645e4dc4306,Andrew Green,Marketing,4109.02,59,M,2023-09-15,philip94marshall.com
fb5abb36-ce79-48b7-b6c8-b8b9d9155664,Jonathan Bates,IT,4875.66,57,F,2023-04-26,seanwhite@hopkins.info
5e934de0-43ac-4875-9017-ab443b53f64b,Amanda Juarez,Contabilidad,4054.2,,Otro,2020-08-03,paul70@hooper.com
94213090-4368-4e93-bded-cb7ad5ba304c,,Marketing,4960.21,,Otro,2022-10-31,xvaldez@valdez.biz
7ca2f582-5854-49d9-9e22-dc3fd1366db1,Courtney Sullivan,Finanzas,5879.74,,Otro,2024-03-07,scotthall@schneider.com
b862acc3-5489-4c37-8fa9-026b6a241f46,Ruth Guerrero,RRHH,5379.91,,F,2022-06-16,kclark@hotmail.com
227d4660-293f-4266-97a4-18b892d00319,Alison Williams,Contabilidad,4907.51,,,2022-08-03,brianscott@black.org
48907b6d-d240-4f02-a968-1fc1ba5c865d,Marcia Johns,RRHH,5221.71,,M,2021-04-30,kdillon@gmail.com
9f8acdeb-2e8f-45a8-847a-3b7ed209383b,Lindsay Norton,IT,2484.3,,F,2022-07-31,jennifercooper@yahoo.com
33cd1d56-043d-42db-9bcb-404c21d8b96a,Andrea Gray,IT,7173.32,,M,2024-01-24,catherinethompson@hotmail.com
7b742440-17db-4c2f-9e15-8e2fc09c2ebe,Sherry Schmidt,Marketing,3612.82,,,2020-12-17,xboyd@wolfe.com
bdcbfffc-cdfb-44e9-96cb-dafb59bb8900,Karen Mack,Contabilidad,4487.81,,Otro,2020-10-27,jonathancannon@gmail.com
be5f902f-b58a-4738-8166-72213063ae7f,Shawn Ortiz,Finanzas,5465.5,18,F,2022-11-12,brooksjamie@ortiz-rodriguez.biz
9ca4364d-5d9a-49f1-908e-3a956c6e8796,Dawn Wyatt,Finanzas,6512.63,,F,2023-04-21,robertbowers@yahoo.com
5827bc1d-93e0-4235-8e80-d10bfd0ee0b6,Justin Webb,IT,3767.22,,Otro,2023-07-15,adkinssean@avery.com
f6ee137d-639c-4c6c-a926-205d0d53551a,Lisa Cohen,Marketing,3968.01,,Otro,2020-06-06,thomasburke@brown.com
a7fb1997-9d2c-4944-a690-a951fc04ca7a,Andrew Cruz,Finanzas,1773.43,,M,2021-08-17,daniellegonzales@jefferson.com
2b633b18-9d7d-4756-bb4e-c9f5b2cd9a0a,Richard Dixon,Finanzas,6357.7,20,F,2021-12-08,cantrellchristopher@chan-gomez.biz
17151c03-eb4f-4638-9190-e515b4209103,Curtis Smith,Marketing,6025.11,53,M,2021-08-13,sylvia43@hotmail.com
6839f98f-2ccf-4472-82d7-f1120130d66b,Jordan Powell,Contabilidad,1829.98,,F,2020-11-10,matthew18@walter-li.org
c1e9c4fa-3e47-47fd-851c-91f47bcf2b31,Jeremy Bennett,IT,3646.91,,M,2023-09-15,bmosley@yahoo.com
b38046ef-ad4a-4b3c-b86a-f9ddfe83c32a,Austin Schultz,Marketing,7856.42,32,,2023-10-24,hmoses@hotmail.com
bfb0942c-ac77-4762-a620-516717cf775f,Ronnie Wright,IT,4603.42,39,Otro,2020-09-24,nedwards@adams.com
d61a080a-3fec-4a37-95be-a8dc33e88249,Mr. Nicolas Salas II,RRHH,5739.94,57,M,2021-12-03,wilsonchristian@vasquez.com
e5a1c6e4-e188-4146-bc40-a3d4e5eb4549,Jacqueline Stewart,Contabilidad,7570.5,54,,2024-02-07,wwhite@hotmail.com
6c5540f0-cc9c-441c-8696-99010ddca788,Daniel Ray,Finanzas,7198.83,48,Otro,2024-05-27,phillip27@wolfe.com
5c91f845-534f-496d-99ca-9c1b94bcf47a,Alexandra Clark,Finanzas,3349.65,,,2024-01-27,amyyoung@yahoo.com
b361e70a-6b49-4cc6-b5e5-74e06c878546,Grace White,Marketing,4542.13,41,M,2021-12-17,shannon92@hotmail.com
6ea5e341-8e2a-43ff-bc5d-ba42cdd8af09,Robin Le,Finanzas,6170.89,42,Otro,2021-03-29,thomassmith@porter-cowan.net
915d9a63-dbc6-4928-8fe8-4e20403fd582,Emily Tucker,Contabilidad,2640.72,,,2022-02-06,briancervantes@combs-davis.com
0513eda8-5819-43cc-81f9-994acf5d337f,Isaac Grant,RRHH,4105.42,44,F,2020-12-03,barbarasantos@hotmail.com
c655a597-7ccc-43de-82ac-7e1dac565da6,Richard Kelly,Contabilidad,1544.4,,F,2024-03-10,daustin@frye.com
2978cc73-1440-4dec-9243-9b0fe835f080,Logan Sullivan,Finanzas,3462.65,,M,2021-05-18,denise49@hotmail.com
96405fcd-bf76-4449-9cf8-5eebf0533851,Stephen Norman,Contabilidad,1903.81,51,,2022-04-28,ivanjohnson@hotmail.com
2abaa4f9-35e8-4364-947f-1f67bfeef19d,David Manning,Marketing,7500.19,,Otro,2020-11-05,zunigathomas@johnson.net
ee7ca782-a7a3-4d25-9595-6c4227c00f89,Angela Baker,Finanzas,3889.04,42,F,2021-09-21,joanramos@anderson.com
f99863f2-7799-4ddb-b9e5-46e7dd3ee854,Howard Herman,IT,6360.28,,Otro,2024-05-20,staylor@hotmail.com
6f5aad52-9061-498f-a096-521ea2c723d4,Kyle Welch,IT,6422.78,,F,2023-02-16,timothy31@yahoo.com
d0bcbad5-85f8-4d9b-8006-0d5a02b3c948,Jason Moore,Marketing,7175.38,26,,2021-11-14,snichols@yahoo.com
98d53cf5-4afc-49e8-8c47-6b726e310234,Karen Smith,Marketing,2229.36,,F,2023-10-18,jacob86@wright-espinoza.biz
c3b8c80f-8440-4e98-bd53-ec43a0152b5b,Connie Miller,Finanzas,7054.16,,M,2023-11-04,deborah84@yahoo.com
9e2383d0-7491-4c14-a30b-669c1c405045,Barry Taylor,IT,2091.12,,,2021-07-25,malikhernandez@hotmail.com
ba23b07a-703c-4286-b717-14cd200291bb,William Campbell,Marketing,4200.26,,M,2021-05-25,alexisrobinson@collins-lloyd.com
25660316-f39e-41be-8025-53ead7f2a678,Rick Rivera,Finanzas,6201.32,,Otro,2021-07-16,danielshunter@yahoo.com
62821d61-3fbb-4f57-b6f5-6f1cc4a531cd,Sandra Martinez,Marketing,1974.69,,Otro,2021-06-16,stevenwise@wade.com
855b6c5b-8cb1-457e-affa-d15bbea6450f,Caitlin Chandler,RRHH,7574.79,25,,2021-06-26,james03gmail.com
1ea15b0f-95ae-418b-86ae-7e06cb5d2b59,Jeffrey Smith,Contabilidad,6477.88,,,2023-10-06,novakbianca@alvarez.com
ff39a117-f83b-4806-ae4c-1b1856a2d49d,Jonathan Parks,IT,7152.53,,,2020-08-30,deanna81freeman.net
05776108-3166-4c94-bbb2-4366704fe1a8,Nicole Trujillo,Marketing,2364.43,,M,2021-12-06,rachel77@phillips.com
ea1af7d2-9943-46bb-94d3-53a5de1f1619,Erica Mcdonald,Marketing,2327.76,53,M,2021-02-02,shannonweiss@richardson.biz
3d211daf-9ec5-405d-86a9-05985d340833,Sonya Harvey,IT,5877.75,,,2023-06-23,rlee@cannon-moore.com
0b34fc84-1111-4e29-a8ad-153985f0786a,Martin Rodriguez,Contabilidad,4494.06,26,Otro,2021-03-02,daniellee@duncan.info
b7c4b3ee-9b1f-46d1-b881-49dc5dc96097,Meredith Scott,RRHH,1709.41,,,2020-06-18,fhebert@owen-brown.net
d2da43ec-0eec-4013-b55b-eaaacb53f0be,Stephanie Short,RRHH,3064.33,57,M,2021-07-15,davenportchristian@yu.com
91ed554a-3fae-4f01-a829-0f3c86b4852c,Kim Lopez,RRHH,3090.77,58,,2021-03-02,mirandabarbara@hotmail.com
8cca8963-2e2e-47a4-8ade-c3792ab403f6,Maurice Andrade,RRHH,2410.88,,F,2022-07-22,amandagreene@yahoo.com
c3a1962d-698f-446d-9f29-0290d8485a54,Krista Shea,Finanzas,5253.59,,Otro,2022-03-28,annalewis@hotmail.com
000cd21a-65a7-4a30-b5b7-0dd9728f5897,Dawn Nixon,Marketing,2936.78,,Otro,2021-08-13,victoriaturnerjoyce-lewis.com
82e2b02d-8dbc-4e5a-ab4a-ede646a52064,Rodney Norris,Contabilidad,5568.96,,,2022-11-01,johnsonmichaelbaker.com
37a9f824-eafa-4d5b-91ae-3d4c66592d83,Robert Davis,IT,6607.73,,,2023-06-27,sthompson@hotmail.com
ceef7261-bb15-42ea-8991-2f464ce6928b,Susan Larson,Contabilidad,6403.7,,F,2022-01-11,weeksmatthew@butler-parrish.com
61eaaa65-a1d7-40ea-8704-e80ea2466cd7,Sarah Mcfarland,Contabilidad,6737.55,21,,2021-09-14,amber25@wolfe.biz
4a2f3876-6e93-4615-b8da-9a90170fad32,Nicole Johnston,Contabilidad,4024.72,,F,2021-01-13,christopher90@ross.com
32339053-9242-4a54-a6f9-c0e165339cf0,Karen Gonzalez,IT,7006.37,53,F,2023-01-10,charlesfrankcohen-johnston.com
a7c8f0c5-9808-452c-9832-c8de521be8c2,Jessica Bailey,Marketing,5418.99,19,F,2023-09-06,vanessajensen@yahoo.com
5fb2b838-af73-43cf-b31e-91f23bc5f97f,Jessica Glass,Marketing,2910.61,27,Otro,2023-08-19,singhjohn@mcintosh.com
3581a632-54f5-4f70-85d2-d205789fed96,Robert Torres,Contabilidad,7591.54,,M,2021-04-23,ana92@hale.net
4572b385-9e32-4085-b24f-92b9ca0841de,Christopher Campbell,Contabilidad,6021.57,,F,2022-05-21,pricejoseph@ward.biz
7c12d198-50c1-48f7-a764-28c4197fa0fd,James Bray,Finanzas,6540.84,,,2022-09-01,jamesrasmussen@house.net
5a16f9d9-af2f-4773-98c6-915804b40ac9,John Garner,Finanzas,3837.69,,,2023-01-25,wendyirwinyahoo.com
fd88565a-d09a-434b-bffc-d743e3f16406,Lori Johns,IT,6450.59,,F,2022-10-08,edwardprince@hotmail.com
a0226155-df69-4d17-9cc9-6aedad9112c5,Nicholas Meyer,Marketing,7116.55,,F,2022-03-08,ronaldedwardsmurphy.com
b483d162-b043-439a-8f1a-84cb235b275b,Melinda Harris,Marketing,5264.43,,Otro,2024-04-10,xforbes@douglas.com
d6eaf269-514e-4353-af23-7c4d1e4ea133,Justin Fry,IT,5203.63,27,,2023-07-02,nicole66@ramos-peck.com
9caad37c-fc67-45e2-832f-c21b06b4ed27,Cole Anderson,Finanzas,3172.62,,,2021-07-17,jerryjohnson@watts.com
633098ed-da25-4795-af19-15165fbbcda5,Lisa Joseph,Finanzas,2600.23,,,2022-06-04,jamesjohnson@schaefer.com
f4672866-ed56-42a0-ad54-ff2b10ee4f77,Virginia Todd,RRHH,4905.64,46,M,2024-02-05,michelle36@yahoo.com
9c8b9550-64e7-4f9a-901a-0ccfb85f164b,Lisa Holloway,Contabilidad,1941.79,54,M,2022-12-07,hayesmargaret@rich.net
a1722ee3-c3e1-447c-8420-e0d8632c817e,,RRHH,5515.93,,,2021-03-19,tsanders@yahoo.com
e7574997-8458-4f73-b0a0-c1cd0df6c527,Jay Austin,Marketing,5085.68,27,M,2022-05-19,sharpdaniel@hotmail.com
0660a3e9-736d-417c-92ce-55e369df05c7,Melissa Taylor,Finanzas,1611.43,,,2022-05-03,udavis@wong.com
62538cdf-b510-4e9c-8618-e40d15d6a658,Michael Walters,RRHH,7467.32,,F,2023-01-04,cpierce@barr.com
4f3c9771-4edd-4a2a-ab69-b4ae0d22af35,Charles Hammond,Finanzas,6798.89,,,2021-08-20,roachsusandean.com
7e53d702-e1f8-4192-9ba4-d5a60178de26,Scott Stephens,IT,5172.51,,F,2021-04-30,fortiz@hotmail.com
d1f379b1-8ebb-4208-a0ee-404f9ea8fcb1,Dana Kelley,RRHH,5749.28,,M,2020-08-12,brianbaileynash.org
fe656dcc-6abd-405a-9be0-0f8e0c8d51d2,Elizabeth Knapp,Marketing,4594.03,,M,2021-02-03,tammycurry@yahoo.com
d1fcdedd-6102-4b56-a5c4-82ff5e5a90c1,Anna Evans,IT,5691.9,,M,2023-08-20,carterdennis@hotmail.com
9caf8df1-3584-4d71-b221-e1c535b86d0a,Erin Gutierrez,Contabilidad,2874.21,,,2020-11-14,mramsey@mitchell.net
850b7073-7f13-4e67-9008-cdc99d421bae,Lisa Ho,Finanzas,7345.53,,M,2022-07-11,nicolehall@yahoo.com
bccaba38-1e30-414f-8bf6-aa23a01e31f5,April Johnson,RRHH,7749.55,,F,2023-10-23,wwilliams@hotmail.com
ca4a40bc-4121-41a3-8818-b004b0a4f557,Christy Davidson,IT,7537.69,,F,2021-09-19,katie15@yahoo.com
549c9eb9-31ab-4158-acf6-073bd500c147,Keith Choi,IT,5900.73,,Otro,2024-04-30,probles@gmail.com
d06d3943-c8b3-415e-b664-704355c9bf0f,Mr. Steven Herrera,RRHH,4755.15,,M,2024-05-09,annette58smith.com
a06303ca-600f-479c-bbce-708756d2b14d,Chase Pittman,RRHH,3713.85,,,2023-12-28,hlopez@thornton-edwards.com
f362d408-d457-4305-b3b0-220d5f2019ea,Brandon Wiley,Finanzas,6593.06,,,2021-04-29,danielglover@gmail.com
2771a422-8003-4f26-a7ab-2ef77b8fd09a,Jill Johnson,IT,4307.01,,,2021-11-08,kimberly21hotmail.com
dd643387-b6b3-4fbc-a338-fb2975992b0a,Brandi Hardy,Contabilidad,6135.21,51,Otro,2020-11-24,sarah91@owens-williams.net
e462ff64-a38b-4aa4-8fe8-98d8c22ca6a8,,Contabilidad,6307.76,,Otro,2021-10-09,justinpatel@lambert-nelson.com
8ae3297e-34e2-4142-9a35-447583997ac5,Adrian Dean,Finanzas,4390.78,,M,2022-09-29,donald49@gmail.com
214c87b1-0cfc-4420-b192-e4438a6342ca,Eric Mcclain,IT,5120.4,,,2022-05-30,reyeschristopher@white-carlson.org
d143e0a2-5513-474f-8ffc-1c545b0a31ea,,Marketing,2104.92,,Otro,2023-06-10,fbradley@mcdonald.info
e9b14c76-420f-4eef-9def-eab9e54ca6ca,Travis Thomas,IT,4020.7,41,F,2022-01-28,kristina57@johnson-alvarez.com
209ce4a5-931e-4d4d-9abc-9859593edc83,Ryan Campbell,IT,2601.76,,Otro,2020-11-04,nguyendebra@yahoo.com
28b58db5-8c46-4308-be62-89819ef1a74f,Jennifer Gutierrez,Contabilidad,4325.4,,Otro,2022-01-15,jared96@bradley-peterson.com
7c93cdc3-d635-412d-92fe-00e8b63fa809,Michael Stevenson,Finanzas,7637.44,,,2022-12-04,angela72@yahoo.com
d1e2b878-c576-426d-98ae-0666d066ad21,Andrea Rodriguez,RRHH,2380.68,42,,2021-10-19,davislisa@hotmail.com
73f621a8-2633-4c43-a92f-85fe258fcafc,Makayla Smith,Finanzas,4361.45,,F,2021-08-24,rgonzalez@yahoo.com
6f4a454f-efca-47ae-b17e-4a71eb22ec1d,Robert Frazier,Contabilidad,4613.56,40,,2020-10-14,sabbott@wood.com
dd9d2e4d-483e-4d69-9c7a-bd161c153057,Justin Irwin,IT,7790.46,19,Otro,2021-05-29,tgarrett@yahoo.com
302fa247-239a-446d-b991-2c512c649adf,Jeffrey Clark,IT,3872.6,,F,2022-01-16,qmoore@gmail.com
a86de251-7c98-456f-a288-109db8a9b014,Benjamin Smith,Marketing,1674.95,,,2020-12-25,dawnperry@english-dominguez.biz
5af56a23-627c-49f7-b336-3302d1f03374,Jordan Coleman,Finanzas,6903.33,32,,2021-03-13,lanemelanie@gmail.com
fa6d81ee-0890-4506-9df1-bf6f938bd3f8,Debra House,Finanzas,3073.14,,F,2022-10-28,daniel71@gmail.com
77061136-4788-47ec-8764-032ec02627d1,Kelsey Villarreal,RRHH,4418.93,,,2020-09-27,thomasharmon@miller.com
833de3ad-743b-4f71-b807-c94702c2b367,Stephanie Nichols,IT,5033.69,,M,2022-11-06,zgomez@yahoo.com
c8f72c2d-ba1a-4160-8dd7-962bbfda55c9,Andrew Livingston,Finanzas,2581.2,,M,2021-07-07,klane@douglas.org
4721194b-c8a4-4e21-99f8-50e913ad3ead,John Martinez,IT,7784.27,,,2020-12-20,michaela01@hotmail.com
2ce6f908-cece-45d3-9ea9-09ef7257dcb6,Kevin Hernandez,Contabilidad,4819.4,,F,2023-09-26,hwhite@cooper.com
c536d2ce-69b6-43b7-be5b-9fc9c0b4f6d6,Samantha Monroe,Marketing,5987.84,42,Otro,2021-06-02,jasonnavarro@yahoo.com
661423a7-76c9-4eb2-aae7-dc190d722918,Dennis Weiss,Finanzas,4203.84,48,M,2021-09-09,noahthornton@yahoo.com
72e5e892-cc1c-4204-ad5e-749b49ee4969,Joseph Graham,Finanzas,3527.29,,F,2023-04-18,davisamanda@yahoo.com
453417b5-55c0-4c8e-85c8-7f41dbbd3290,Jessica Hull,RRHH,4348.08,,,2023-10-27,destiny67@curry.com
ac3cbe34-02b5-4d3d-8c30-563f5032739c,Megan Kaiser,RRHH,1646.8,,M,2023-12-11,jenkinsalicia@griffin.com
d5e0a664-e4db-44c8-a817-4c8598197749,Manuel Brown,Contabilidad,4853.96,,F,2022-12-16,millercassandra@douglas-yoder.org
778a669f-4b68-494d-80da-9c7d2f2bdc13,Cathy Rodriguez,IT,3007.06,,F,2024-05-22,rlivingston@schwartz-contreras.com
5528dc45-637a-4999-a1ff-1d9a0ff89e8a,Richard Ramirez,IT,1689.75,,F,2021-07-04,scottvasquez@gmail.com
6e66a273-c4ca-40d7-8a66-de6724d4d5a3,Cassandra Vasquez,RRHH,6080.78,31,Otro,2023-01-07,gbaldwin@jones.com
eed21f94-0038-4c84-a3ed-033aa7222ea2,Alicia Jimenez,RRHH,5252.76,,F,2023-03-27,edward56@hotmail.com
d8139af7-6766-437b-afa1-79a57a675870,Michael Wise,RRHH,3205.3,,Otro,2022-09-15,cruzhannah@martinez-nichols.com
1735f36b-a5a6-4b3a-b575-7b77ff3c6d4e,Eric Brown,Marketing,2242.51,,,2022-09-06,randallkathleen@yahoo.com
4c82c445-30e5-4543-a925-de8562588ce9,Cassandra Williams,Finanzas,7471.44,,M,2024-03-21,tom73@johnson.org
88b04b77-7feb-4cf3-8ec7-7371a4b65cfa,James Sparks,Contabilidad,3484.97,46,Otro,2020-06-23,brian06@lewis.net
3ba4f2ba-9450-4024-bdb5-8d062621d32d,Michael Sawyer,IT,5376.77,,,2020-07-25,evaldez@williams.com
2bb24cbc-9c79-4cdb-b4c8-836118e824e9,Summer Hoover,Marketing,6007.31,,F,2020-09-05,crawfordlauren@brown.biz
f9d18507-1eec-4891-9301-0fb966ea0949,Russell Rojas,Contabilidad,2716.14,,M,2022-09-24,mary30@thompson.biz
0a6b3e3d-94fd-4594-acf9-12453e5f7e23,Jacob Martin,IT,2387.48,,,2020-10-31,alexistucker@gmail.com
6a8d8a70-48a2-4172-a30c-dee297feb937,Timothy Mann,IT,4676.55,48,M,2023-05-09,douglasnelson@jenkins-hurley.org
a08fa1c6-1688-4e84-b346-bbe79caf4bfe,Linda Love,RRHH,3286.54,,Otro,2021-11-20,grantjames@hotmail.com
38227b0d-81ee-40e4-8a2b-466efc9dc0d0,Lisa Huffman,IT,5073.22,47,M,2023-09-07,brian12@anthony.com
405a8e7e-6f46-441f-b5a7-ac9b48f9fd0d,Amanda Newman,Finanzas,5023.28,39,,2023-01-12,garciabrian@hotmail.com
3c3c9c08-e523-48a9-9223-d9061db67101,Richard Washington,RRHH,6283.93,,F,2022-12-05,rgonzalez@yahoo.com
deb0de7d-699f-4b02-bcdd-0b483cb3c9fa,Brian Perez,IT,3208.3,30,,2022-01-02,ruiztodd@thomas-reilly.info
f9be07f3-5bcc-40fc-a1cc-22d831b42308,James Ellis,Contabilidad,2864.21,,Otro,2021-04-08,antoniocarroll@yahoo.com
384852b6-57f4-48e0-82a5-9d7b2bd3d971,Samuel Ellis,IT,2578.88,36,F,2022-12-22,belindatran@miller.info
bae27198-03b6-4657-8777-be217677a166,Cindy Wells,Marketing,3780.3,,F,2023-07-16,markriley@shah.biz
6cfa855f-089b-4b49-8114-5252c4c36368,Amanda Ruiz,Finanzas,5222.78,,M,2022-01-31,chavezjohn@hotmail.com
4bb8ebe2-5bc0-4988-a1f9-69e937cf45f6,Melissa Russell,IT,7472.0,,F,2023-03-01,castillokevin@stevens.info
5ed3e00e-df1e-44cb-8a34-2e3c2f589a81,Charles Warner,Contabilidad,6124.07,58,,2022-05-20,cruzhannah@johnson.org
55f01600-e17f-448d-9ed6-270514b9bb4d,Rebecca French,Finanzas,5580.78,,,2022-08-06,rodriguezmichaelhotmail.com
b5971e43-8f8d-4995-9127-4cb2b47299b6,Jacob Wong,RRHH,4118.53,,Otro,2020-12-30,amberbanks@hotmail.com
c2c96b28-beb9-4a4a-80cf-fa7335b50ec5,Lauren Haley,IT,7676.65,,M,2021-10-08,wesley64@gmail.com
785ca87b-1f69-42b1-945e-087f86d4aba8,Gregory Tucker,RRHH,6251.06,,Otro,2023-04-17,zoliver@hotmail.com
e24c724b-e453-44c2-b037-f0b710ccf85f,Rhonda Everett,IT,2915.89,,F,2020-10-11,shurst@rodriguez.com
05cf079e-a095-4c4d-b3bd-2348854bc8fa,Kathleen Golden,Finanzas,3695.41,,F,2022-03-07,creed@newman.com
a5639cf4-a7df-4b92-97c1-3f7e9425fc3a,Kelly Rogers,Finanzas,7312.01,38,M,2022-06-23,itorresyahoo.com
d8739636-c50e-4194-89c3-f48bf8815f18,David Washington,IT,1605.83,21,,2021-01-14,stephen29@gmail.com
e79b265a-b15f-4994-b546-c5c0d6de70c5,Dominique Mcpherson,IT,2815.07,,F,2023-10-15,johnwilliams@andrews-alexander.com
25dfac07-5806-4bae-ba5f-afdb512339fa,Justin Johnson,Finanzas,2106.71,,Otro,2022-04-25,david06mack-gould.com
b49875d0-a5b1-4799-94ce-cee781e58eee,Wayne Payne,Contabilidad,1836.62,,Otro,2022-06-04,laurenchandler@yahoo.com
8d0bb6d7-ad91-4456-a3b1-3ebd0a42be3f,Brian Mendoza,IT,5760.65,,M,2021-09-19,owilliamsonhoward-nguyen.org
321a6c3f-4726-4c24-8460-5896ef87bf0d,Lauren Walker,Contabilidad,5358.92,,,2020-10-05,daughertyprestonyahoo.com
65c65c7b-5c6e-4f5a-aab1-33bae88ffab5,Larry Harding,RRHH,7923.01,,F,2023-06-15,paul04@yahoo.com
e3472e25-ba54-48fd-b737-cc38166cdd33,William Sawyer,RRHH,6249.96,46,M,2023-07-24,zroberts@hotmail.com
99125090-9651-4ec2-95e4-157d23bab528,Jessica Mosley,Contabilidad,3987.69,23,F,2021-01-07,thomas85fitzpatrick.biz
764d7e7c-8e49-40f9-acc5-c9de6a1d9731,Jason Rocha,Marketing,5725.13,,Otro,2023-08-15,jacobjames@henry.org
276e1d67-00a0-486e-8a8d-5d5a06defca8,Justin Ford,Contabilidad,7479.31,,,2021-09-07,valdezpatricia@yahoo.com
46f7b20a-c3c4-4506-9e8e-06ed07480379,Terry Newman,RRHH,2410.09,49,,2020-09-09,qcunningham@hotmail.com
93447b2f-bba3-4668-8334-e5245f8a2e3c,Valerie Cardenas,Contabilidad,3110.61,,M,2024-01-02,bonniethomas@yahoo.com
a2e11798-6b65-450b-9c75-352c45cdb96b,Brandy Martin,Marketing,3351.99,,M,2020-08-12,alyssa18@gmail.com
52965cf3-8b30-4b4c-aac9-6b60c0ac430a,Catherine Davis,Finanzas,2835.4,,F,2023-12-04,gina51@hotmail.com
c75ff368-5f7d-4bb1-880a-fe9f84a6d693,Samantha Smith,RRHH,6594.71,49,,2022-02-28,curtismoore@gmail.com
86912efe-f3d6-49f2-94d7-b0cab08d1676,Rebecca Hansen,Marketing,1961.58,52,Otro,2023-06-09,estevens@fuentes.info
98ff805c-fcd2-480e-a3c5-1ba87122d7a0,Michael Taylor,Marketing,4235.61,,F,2023-08-28,jenniferjohnson@gmail.com
35b823e4-2016-4e6d-8eb3-9f633a00c83e,,RRHH,1608.48,26,M,2020-09-28,joneskim@yahoo.com
7815c7df-0f2c-41b7-97da-64cb83735f49,Brian Mcguire,RRHH,7666.42,,Otro,2024-04-09,joneselizabeth@gmail.com
abac7bf8-2f4d-4c9b-b334-cd07e6b36561,Tamara Harris,IT,4253.24,,M,2020-07-13,meghanmcmahon@bailey.org
8761f9da-0394-49c1-8363-f61f94009191,Kelly Garcia,Contabilidad,3303.54,,M,2023-06-14,george80@garcia.info
d5b1a96a-2e4c-46e2-9b79-9e6bf52ef4a6,Kevin Gonzales,Contabilidad,4986.54,,M,2022-01-08,willierussell@yahoo.com
49cc253f-b469-4ec4-9c7a-e8efc3245e35,Brian Taylor,Contabilidad,1876.39,53,,2023-06-24,murphydarrell@bryant-fitzgerald.info
11d1e7d5-db55-4642-b054-366b6d8ee559,Jason Mercer,RRHH,3510.39,,F,2024-05-26,alexandercraig@hotmail.com
65125d2e-24b3-4c8e-9e85-0f8015c2f297,Jeffrey Barrett,RRHH,2564.91,,Otro,2023-05-13,calvinhester@gonzalez-anthony.biz
c416c07c-b6a7-47b1-83cb-0c28474cfa29,Ryan Hardy,Finanzas,6264.08,55,M,2022-12-07,qkelly@hotmail.com
1ba84a91-7462-4144-849b-9e6225ba4f03,Victoria Dixon,Marketing,1915.17,,M,2021-06-22,ihall@gmail.com
2dd93719-f8d9-4f33-86d9-03c0ad987301,Anthony Jones,RRHH,4747.47,,F,2022-12-24,kevinhanson@gmail.com
a97ef131-4b26-40a3-b3b1-cca4774d34f5,Kelly Vasquez,RRHH,7312.74,,M,2022-06-29,lisa88@gmail.com
733ac54f-6235-4144-9e7f-92adea3973ff,Amanda Jordan,RRHH,7081.48,38,F,2024-01-13,cstevensgmail.com
6e411e23-7dd1-4b8f-aa05-5b69b4c04bdf,Shannon Turner,Contabilidad,2663.25,26,,2021-09-26,kgallagher@hotmail.com
81b61c87-2803-4eb5-9ab6-c73d8feff87b,Juan Ryan MD,Finanzas,3263.18,21,Otro,2022-01-26,ygarza@hotmail.com
0b8ce21f-9728-4c5e-8734-a4030fb97b5d,Pamela Mitchell,RRHH,2665.74,,M,2023-12-20,lisa90@hotmail.com
0e737523-59ec-4846-a974-37ea5b7c57e8,Brent Reed,IT,7129.21,,Otro,2021-06-12,deborahwatkinsjones.com
e6c2cbb7-83c7-4cbe-916b-af876c27316b,Amanda Barrett,Finanzas,2804.36,,Otro,2021-07-17,uchapman@hudson-morris.com
